text,created_at,id,edit_history_tweet_ids,author_id,source,title,date,excerpt,image_url,link,scrape_date
"A Seeker just bought a Rare ğ—ªğ—®ğ—¹ğ—½ğ˜‚ğ—³ğ—³ (ğ—Ÿğ—©ğ—Ÿ  ğŸ­)! ğŸ”¥

LFGame âš¡

Details: https://t.co/MqsxsI45FI

Start playing ğ—¦ğ—²ğ—²ğ—¸ğ—²ğ—¿ğ˜€ ğ—¼ğ—³ ğ—§ğ—¼ğ—¸ğ—®ğ—»ğ—² at https://t.co/0R9emrZMgA right now https://t.co/HDsDGWTMnr",2025-05-30T01:44:53.000Z,1.9282663296954286e+18,['1928266329695428734'],1.8211428283047567e+18,twitter,,,,,,
"A Seeker just bought an Epic ğ—–ğ—µğ—¼ğ—°ğ—¼ğ—ºğ—¶ğ—»ğ˜ (ğ—Ÿğ—©ğ—Ÿ  ğŸ­)! ğŸ”¥

Price: 100 $AURY  (13.42 $USD)

LFGame âš¡

Details: https://t.co/tQnkAnxFK8

Start playing ğ—¦ğ—²ğ—²ğ—¸ğ—²ğ—¿ğ˜€ ğ—¼ğ—³ ğ—§ğ—¼ğ—¸ğ—®ğ—»ğ—² at https://t.co/0R9emrZMgA right now https://t.co/pVhfWUIly2",2025-05-30T00:04:41.000Z,1.928241115901174e+18,['1928241115901173943'],1.8211428283047567e+18,twitter,,,,,,
"ğŸ”¥ Post 74834 of 100,000 â€” Youâ€™ve been tagged!

The $DEGEN bonus is active ğŸ’¸
You may be eligible to claim now:
Info ğŸ‘‰ https://t.co/4SWwfiqUmI

â€” DEGEN News

ğŸ«‚ Eligible : @ShrimpSei @aurory_bit @RashedBaniSala1 @NAIMZZZZZZZZZZ @raza_marwat4124",2025-05-29T22:54:19.000Z,1.9282234074237706e+18,['1928223407423770736'],1.9192438548064092e+18,twitter,,,,,,
"ğŸ”¥ Post 71908 of 100,000 â€” Youâ€™ve been tagged!

The $DEGEN bonus is active ğŸ’¸
You may be eligible to claim now:
Info ğŸ‘‰ https://t.co/yF0oPRsoqh

â€” DEGEN News

ğŸ«‚ Eligible : @iigg888 @hyperundertow @Melo_Aurory @samuel_amire @Saya118772",2025-05-29T22:52:14.000Z,1.928222882263446e+18,['1928222882263445997'],1.919193773243773e+18,twitter,,,,,,
"ğŸ”¥ Post 80417 of 100,000 â€” Youâ€™ve been tagged!

The $DEGEN bonus is active ğŸ’¸
You may be eligible to claim now:
Info ğŸ‘‰ https://t.co/B70ig9L5Bo

â€” Degen News

ğŸ«‚ Eligible : @Jaiden_zapata @Jennyky2003 @password_0x000 @aurory_bit @sameer51340",2025-05-29T22:23:11.000Z,1.9282155710672814e+18,['1928215571067281529'],1.9191000033577902e+18,twitter,,,,,,
"ğŸ”¥ Post 28018 of 100,000 â€” Youâ€™ve been tagged!

The $DEGEN bonus is active ğŸ’¸
You may be eligible to claim now:
Info ğŸ‘‰ https://t.co/aDNcwgxzQN

â€” Degen News

ğŸ«‚ Eligible : @Melo_Aurory @hattoreum @BaznoCap @alehegn24 @not3nao",2025-05-29T22:22:47.000Z,1.9282154693217485e+18,['1928215469321748529'],1.9191333867586314e+18,twitter,,,,,,
"A Seeker just bought a Rare ğ—¡ğ˜‚ğ—ºğ—¯ğ—²ğ—¿ ğŸµ (ğ—Ÿğ—©ğ—Ÿ  ğŸ­)! ğŸ”¥

LFGame âš¡

Details: https://t.co/hVXDztgiSQ

Start playing ğ—¦ğ—²ğ—²ğ—¸ğ—²ğ—¿ğ˜€ ğ—¼ğ—³ ğ—§ğ—¼ğ—¸ğ—®ğ—»ğ—² at https://t.co/0R9emrZMgA right now https://t.co/M148eSHOTL",2025-05-29T20:39:22.000Z,1.928189447595512e+18,['1928189447595512121'],1.8211428283047567e+18,twitter,,,,,,
"A Seeker just bought a Rare ğ—”ğ˜…ğ—¼ğ—¯ğ˜‚ğ—¯ğ—¯ğ—¹ğ—² (ğ—Ÿğ—©ğ—Ÿ  ğŸ²)! ğŸ”¥

Price: 60 $AURY  (8.03 $USD)

LFGame âš¡

Details: https://t.co/S8bDpR16QY

Start playing ğ—¦ğ—²ğ—²ğ—¸ğ—²ğ—¿ğ˜€ ğ—¼ğ—³ ğ—§ğ—¼ğ—¸ğ—®ğ—»ğ—² at https://t.co/0R9emrZMgA right now https://t.co/zMpfhRonmV",2025-05-29T15:43:53.000Z,1.9281150842130516e+18,['1928115084213051743'],1.8211428283047567e+18,twitter,,,,,,
"A Seeker just bought an Epic ğ—•ğ—¶ğ˜ğ—²ğ—¯ğ—¶ğ˜ (ğ—Ÿğ—©ğ—Ÿ  ğŸ­)! ğŸ”¥

Price: 230 $AURY  (30.77 $USD)

LFGame âš¡

Details: https://t.co/oAMBtLuywf

Start playing ğ—¦ğ—²ğ—²ğ—¸ğ—²ğ—¿ğ˜€ ğ—¼ğ—³ ğ—§ğ—¼ğ—¸ğ—®ğ—»ğ—² at https://t.co/0R9emrZMgA right now https://t.co/9E9vk76lxm",2025-05-29T15:08:48.000Z,1.928106256251667e+18,['1928106256251666817'],1.8211428283047567e+18,twitter,,,,,,
"A Seeker just bought an Epic ğ——ğ—¶ğ—½ğ—¸ğ—¶ğ—»ğ—´ (ğ—Ÿğ—©ğ—Ÿ  ğŸ­)! ğŸ”¥

Price: 220 $AURY  (29.44 $USD)

LFGame âš¡

Details: https://t.co/JbmwfvMekR

Start playing ğ—¦ğ—²ğ—²ğ—¸ğ—²ğ—¿ğ˜€ ğ—¼ğ—³ ğ—§ğ—¼ğ—¸ğ—®ğ—»ğ—² at https://t.co/0R9emrZMgA right now https://t.co/FQyTnY7Fpk",2025-05-29T15:08:45.000Z,1.928106244788634e+18,['1928106244788634075'],1.8211428283047567e+18,twitter,,,,,,
"A Seeker just bought an Epic ğ—•ğ—¹ğ—¼ğ—°ğ—¸ ğ—–ğ—µğ—¼ğ˜† (ğ—Ÿğ—©ğ—Ÿ  ğŸ­)! ğŸ”¥

Price: 190 $AURY  (25.42 $USD)

LFGame âš¡

Details: https://t.co/ZDOdZ2XLw0

Start playing ğ—¦ğ—²ğ—²ğ—¸ğ—²ğ—¿ğ˜€ ğ—¼ğ—³ ğ—§ğ—¼ğ—¸ğ—®ğ—»ğ—² at https://t.co/0R9emrZMgA right now https://t.co/5dkHMWtH6u",2025-05-29T15:08:43.000Z,1.928106233736598e+18,['1928106233736597913'],1.8211428283047567e+18,twitter,,,,,,
"What exactly is art?
@feibo03 
@SuperL9 
@Loopierr 
@0xfacairiji 
@aurory_bit 
@BSCtwe12 
@cz_binance 
@heyibinance 
@jiujinshan2022 https://t.co/L0fAqrqbtg",2025-05-29T13:18:35.000Z,1.9280785179690478e+18,['1928078517969047783'],1.9165880739049923e+18,twitter,,,,,,
"Current focus:
Nodes I'm farming(18):
Grass, NodeGo, NodePay, Taker, MyGate, Dawn, Stork, Toggle, Bless, DeSpeed, BlockMesh, Gaea, Flow3, OptimAI, 3DOS, Litas, Openledger, Sandwatch

Testnets(13): Monad, Plaza Finance, GoKiteAI, Malda, Aurory AI, Rise, Irys, Prior, Citrea,",2025-05-29T12:18:35.000Z,1.9280634205924232e+18,['1928063420592423216'],1.8646179873215488e+18,twitter,,,,,,
"A Seeker just bought a Rare ğ—–ğ˜†ğ—¯ğ—²ğ—¿ğ˜ğ—¼ğ—¼ğ˜ğ—µ (ğ—Ÿğ—©ğ—Ÿ  ğŸ­)! ğŸ”¥

LFGame âš¡

Details: https://t.co/iCtTJSiqvR

Start playing ğ—¦ğ—²ğ—²ğ—¸ğ—²ğ—¿ğ˜€ ğ—¼ğ—³ ğ—§ğ—¼ğ—¸ğ—®ğ—»ğ—² at https://t.co/0R9emrZMgA right now https://t.co/Se90vdZT3V",2025-05-29T11:23:18.000Z,1.9280495066977853e+18,['1928049506697785461'],1.8211428283047567e+18,twitter,,,,,,
"A Seeker just bought a Rare ğ—¥ğ—®ğ—°ğ—°ğ—¼ğ—¶ğ—» (ğ—Ÿğ—©ğ—Ÿ  ğŸ­)! ğŸ”¥

LFGame âš¡

Details: https://t.co/guGCQWXlMs

Start playing ğ—¦ğ—²ğ—²ğ—¸ğ—²ğ—¿ğ˜€ ğ—¼ğ—³ ğ—§ğ—¼ğ—¸ğ—®ğ—»ğ—² at https://t.co/0R9emrZMgA right now https://t.co/i5NIubbk4a",2025-05-29T10:13:11.000Z,1.9280318597215483e+18,['1928031859721548214'],1.8211428283047567e+18,twitter,,,,,,
"A Seeker just bought a Rare ğ—šğ—µğ—¼ğ˜‚ğ—¹ğ—¶ğ—®ğ˜ğ—µ (ğ—Ÿğ—©ğ—Ÿ  ğŸ­)! ğŸ”¥

LFGame âš¡

Details: https://t.co/FsuKzqy6tv

Start playing ğ—¦ğ—²ğ—²ğ—¸ğ—²ğ—¿ğ˜€ ğ—¼ğ—³ ğ—§ğ—¼ğ—¸ğ—®ğ—»ğ—² at https://t.co/0R9emrZMgA right now https://t.co/5Bo4xenBjO",2025-05-29T10:03:07.000Z,1.9280293288449357e+18,['1928029328844935644'],1.8211428283047567e+18,twitter,,,,,,
"A Seeker just bought a Rare ğ—›ğ—¼ğ—¹ğ—¹ğ—¼ğ˜„ğ—¼ğ—¼ (ğ—Ÿğ—©ğ—Ÿ  ğŸ­)! ğŸ”¥

LFGame âš¡

Details: https://t.co/HYirLOY1sP

Start playing ğ—¦ğ—²ğ—²ğ—¸ğ—²ğ—¿ğ˜€ ğ—¼ğ—³ ğ—§ğ—¼ğ—¸ğ—®ğ—»ğ—² at https://t.co/0R9emrZMgA right now https://t.co/FGFmnNt97D",2025-05-29T08:17:56.000Z,1.928002858667967e+18,['1928002858667966877'],1.8211428283047567e+18,twitter,,,,,,
"ğŸ® Web3 gaming isnâ€™t the future â€” itâ€™s happening now.
Games like Shrapnel, Aurory, and Phantom Galaxies are delivering AAA-level experiences with real asset ownership. ğŸš€
Gamers are starting to care about what they own.
#Web3Gaming #GameFi #OGL #PlayToOwn",2025-05-29T05:19:49.000Z,1.9279580318845873e+18,['1927958031884587391'],1.835220076079059e+18,twitter,,,,,,
"A Seeker just bought a Rare ğ—›ğ—¼ğ—¹ğ—¹ğ—¼ğ˜„ğ—¼ğ—¼ (ğ—Ÿğ—©ğ—Ÿ  ğŸ­)! ğŸ”¥

LFGame âš¡

Details: https://t.co/HYirLOY1sP

Start playing ğ—¦ğ—²ğ—²ğ—¸ğ—²ğ—¿ğ˜€ ğ—¼ğ—³ ğ—§ğ—¼ğ—¸ğ—®ğ—»ğ—² at https://t.co/0R9emrZMgA right now https://t.co/9VhKAtsPma",2025-05-29T01:13:08.000Z,1.9278959519281564e+18,['1927895951928156432'],1.8211428283047567e+18,twitter,,,,,,
"A Seeker just bought a Rare ğ—–ğ˜†ğ—¯ğ—²ğ—¿ğ˜ğ—¼ğ—¼ğ˜ğ—µ (ğ—Ÿğ—©ğ—Ÿ  ğŸ­)! ğŸ”¥

LFGame âš¡

Details: https://t.co/iCtTJSiqvR

Start playing ğ—¦ğ—²ğ—²ğ—¸ğ—²ğ—¿ğ˜€ ğ—¼ğ—³ ğ—§ğ—¼ğ—¸ğ—®ğ—»ğ—² at https://t.co/0R9emrZMgA right now https://t.co/kV5bPAd0wL",2025-05-29T01:03:04.000Z,1.9278934219911212e+18,['1927893421991121192'],1.8211428283047567e+18,twitter,,,,,,
"A Seeker just bought a ğ—Ÿğ—˜ğ—šğ—˜ğ—¡ğ——ğ—”ğ—¥ğ—¬ ğ—¢ğ—¼ğ—´ğ—¿ğ—¼ğ—°ğ—¸ (ğ—Ÿğ—©ğ—Ÿ  ğŸ­)! ğŸ”¥

Price: 281 $AURY  (37.32 $USD)

LFGame âš¡

Details: https://t.co/h9Wqcf1JXC

Start playing ğ—¦ğ—²ğ—²ğ—¸ğ—²ğ—¿ğ˜€ ğ—¼ğ—³ ğ—§ğ—¼ğ—¸ğ—®ğ—»ğ—² at https://t.co/0R9emrZMgA right now https://t.co/WbqBHP7jTC",2025-05-29T00:38:00.000Z,1.9278871102513562e+18,['1927887110251356281'],1.8211428283047567e+18,twitter,,,,,,
"A Seeker just bought a Rare ğ—ªğ—®ğ—¹ğ—½ğ˜‚ğ—³ğ—³ (ğ—Ÿğ—©ğ—Ÿ  ğŸ­)! ğŸ”¥

LFGame âš¡

Details: https://t.co/MqsxsI45FI

Start playing ğ—¦ğ—²ğ—²ğ—¸ğ—²ğ—¿ğ˜€ ğ—¼ğ—³ ğ—§ğ—¼ğ—¸ğ—®ğ—»ğ—² at https://t.co/0R9emrZMgA right now https://t.co/QLfAGEbg10",2025-05-29T00:17:55.000Z,1.9278820562031537e+18,['1927882056203153539'],1.8211428283047567e+18,twitter,,,,,,
"@MichaelMetivie4 @AuroryProject One of the most positive people weâ€™ve ever had in Aurory

Itâ€™d be a pleasure to have you on board",2025-05-28T22:54:32.000Z,1.9278610718276733e+18,['1927861071827673345'],1.4617465083453153e+18,twitter,,,,,,
"ğŸ”¥ The BIGGĞ•ST #Ğ¡ryÑ€tĞ¾ #Ğ UMĞ  #SignĞ°l is here! ğŸš€ JĞ¾in the actiĞ¾n!

 https://t.co/qw9XoYZw3V $ETH 

Qg7ZYGsC @Joshua_Manuel_5 @lynnvalle14508 @elmaxifasso @DeborahRod17957 @Aurory_NFT @FelmeyKell49509 @mrsRich19712 @David_Jewell196 @Thundatooreal @spikenardlytics",2025-05-28T21:13:23.000Z,1.9278356197424256e+18,['1927835619742425473'],1.925308123872383e+18,twitter,,,,,,
"A Seeker just bought a Rare ğ——ğ—¶ğ—»ğ—¼ğ˜ğ˜‚ğ˜€ğ—¸ (ğ—Ÿğ—©ğ—Ÿ  ğŸ­)! ğŸ”¥

LFGame âš¡

Details: https://t.co/dYZk7FrKsb

Start playing ğ—¦ğ—²ğ—²ğ—¸ğ—²ğ—¿ğ˜€ ğ—¼ğ—³ ğ—§ğ—¼ğ—¸ğ—®ğ—»ğ—² at https://t.co/0R9emrZMgA right now https://t.co/tnOoWa9P48",2025-05-28T21:07:27.000Z,1.927834126599537e+18,['1927834126599536924'],1.8211428283047567e+18,twitter,,,,,,
"A Seeker just bought a Rare ğ—§ğ—¼ğ—¸ğ—¼ğ—ºğ—® (ğ—Ÿğ—©ğ—Ÿ  ğŸ­)! ğŸ”¥

Price: 70 $AURY  (9.28 $USD)

LFGame âš¡

Details: https://t.co/QvOaWeh5lH

Start playing ğ—¦ğ—²ğ—²ğ—¸ğ—²ğ—¿ğ˜€ ğ—¼ğ—³ ğ—§ğ—¼ğ—¸ğ—®ğ—»ğ—² at https://t.co/0R9emrZMgA right now https://t.co/ntJZ969SVE",2025-05-28T18:02:02.000Z,1.9277874650974986e+18,['1927787465097498686'],1.8211428283047567e+18,twitter,,,,,,
"@DaoryAurory @AuroryProject Fellow Aurorian holders, thank you for being here and believing in the future of Aurory. My name is Montales, and Iâ€™m running to be your DAOry Councillor because Iâ€™m not just a fan of this projectâ€”Iâ€™m an Aurory lover through and through. My collection, my active role in the game,",2025-05-28T17:16:30.000Z,1.9277760036753206e+18,['1927776003675320547'],1.4365293725682033e+18,twitter,,,,,,
"A Seeker just bought a Rare ğ—–ğ—µğ—¼ğ—°ğ—¼ğ—ºğ—¶ğ—»ğ˜ (ğ—Ÿğ—©ğ—Ÿ  ğŸ²)! ğŸ”¥

Price: 55 $AURY  (7.28 $USD)

LFGame âš¡

Details: https://t.co/tQnkAnxFK8

Start playing ğ—¦ğ—²ğ—²ğ—¸ğ—²ğ—¿ğ˜€ ğ—¼ğ—³ ğ—§ğ—¼ğ—¸ğ—®ğ—»ğ—² at https://t.co/0R9emrZMgA right now https://t.co/w4dg4W2WOy",2025-05-28T17:11:55.000Z,1.927774853060305e+18,['1927774853060304954'],1.8211428283047567e+18,twitter,,,,,,
"A Seeker just bought a Rare ğ——ğ—¶ğ—»ğ—¼ğ—¯ğ—¶ğ˜ (ğ—Ÿğ—©ğ—Ÿ  ğŸ²)! ğŸ”¥

Price: 50 $AURY  (6.62 $USD)

LFGame âš¡

Details: https://t.co/kXRIbpzYJr

Start playing ğ—¦ğ—²ğ—²ğ—¸ğ—²ğ—¿ğ˜€ ğ—¼ğ—³ ğ—§ğ—¼ğ—¸ğ—®ğ—»ğ—² at https://t.co/0R9emrZMgA right now https://t.co/XsnJ8hGUH7",2025-05-28T17:01:52.000Z,1.9277723226744425e+18,['1927772322674442384'],1.8211428283047567e+18,twitter,,,,,,
"A Seeker just bought a Rare ğ—”ğ˜…ğ—¼ğ—¯ğ˜‚ğ—¯ğ—¯ğ—¹ğ—² (ğ—Ÿğ—©ğ—Ÿ  ğŸ²)! ğŸ”¥

LFGame âš¡

Details: https://t.co/S8bDpR16QY

Start playing ğ—¦ğ—²ğ—²ğ—¸ğ—²ğ—¿ğ˜€ ğ—¼ğ—³ ğ—§ğ—¼ğ—¸ğ—®ğ—»ğ—² at https://t.co/0R9emrZMgA right now https://t.co/fJk0rzydmw",2025-05-28T16:21:41.000Z,1.9277622078587087e+18,['1927762207858708742'],1.8211428283047567e+18,twitter,,,,,,
"ğŸ”¥ Post 3617 of 100,000 â€” Youâ€™ve been tagged!

The $SOLV bonus is active ğŸ’¸
You may be eligible to claim now:
Info ğŸ‘‰ https://t.co/gqnIoOo6Lb

â€” Solv Protocol News

ğŸ«‚ Eligible : @mahdimahin2 @GeorgiaHarry9 @GuofuWeng @0xCitizen_ @Melo_Aurory @arezoo13811712",2025-05-28T13:45:08.000Z,1.9277228140453852e+18,['1927722814045385176'],1.9195385388502548e+18,twitter,,,,,,
"We are excited to announce that you can qualify for a $SOL drop!

Claim here:https://t.co/ZJ5Yi8H9b7

@Austinheck325 @B1muuuuu @Melo_Aurory @crzyralph_ @0xWinterr_ @JoshJerush46656 @angadjeet @ZUbillos @IstvanDocze @GhostKFC09 MJ0Yky",2025-05-28T12:57:14.000Z,1.9277107563650499e+18,['1927710756365049936'],1.9265209059637985e+18,twitter,,,,,,
"A Seeker just bought a Rare ğ—¦ğ—µğ—¶ğ—¯ğ—® ğ—œğ—´ğ—»ğ—¶ğ˜ğ—² (ğ—Ÿğ—©ğ—Ÿ  ğŸ­)! ğŸ”¥

LFGame âš¡

Details: https://t.co/B2LplVnH8X

Start playing ğ—¦ğ—²ğ—²ğ—¸ğ—²ğ—¿ğ˜€ ğ—¼ğ—³ ğ—§ğ—¼ğ—¸ğ—®ğ—»ğ—² at https://t.co/0R9emrZMgA right now https://t.co/jiXusZlTWK",2025-05-28T10:05:59.000Z,1.92766766300783e+18,['1927667663007830143'],1.8211428283047567e+18,twitter,,,,,,
"ğŸ”¥ The BIGGĞ•ST #SĞNIC #DrĞ¾Ñ€ #ĞnnĞ¾uncĞµmĞµnt is here! ğŸš€ JĞ¾in the actiĞ¾n!

https://t.co/Zg3gpyI4li $SĞNIC

CNpvhnU5 @viqtaufiq24 @Kachinga24 @_WallyG @ani18anano @Melo_Aurory @SeemaVe19510389",2025-05-28T10:05:31.000Z,1.9276675456134723e+18,['1927667545613472233'],1198180873.0,twitter,,,,,,
"A Seeker just bought a Rare ğ—–ğ—µğ—¼ğ—°ğ—¼ğ—ºğ—¶ğ—»ğ˜ (ğ—Ÿğ—©ğ—Ÿ  ğŸ­)! ğŸ”¥

LFGame âš¡

Details: https://t.co/tQnkAnxFK8

Start playing ğ—¦ğ—²ğ—²ğ—¸ğ—²ğ—¿ğ˜€ ğ—¼ğ—³ ğ—§ğ—¼ğ—¸ğ—®ğ—»ğ—² at https://t.co/0R9emrZMgA right now https://t.co/lKMat8bmEJ",2025-05-28T08:00:47.000Z,1.9276361528837573e+18,['1927636152883757379'],1.8211428283047567e+18,twitter,,,,,,
"A Seeker just bought a Rare ğ—ªğ—®ğ—¹ğ—½ğ˜‚ğ—³ğ—³ (ğ—Ÿğ—©ğ—Ÿ  ğŸ­)! ğŸ”¥

LFGame âš¡

Details: https://t.co/MqsxsI45FI

Start playing ğ—¦ğ—²ğ—²ğ—¸ğ—²ğ—¿ğ˜€ ğ—¼ğ—³ ğ—§ğ—¼ğ—¸ğ—®ğ—»ğ—² at https://t.co/0R9emrZMgA right now https://t.co/hukSu3FmOT",2025-05-28T08:00:45.000Z,1.9276361447468076e+18,['1927636144746807655'],1.8211428283047567e+18,twitter,,,,,,
"ğŸ”¥ Post 4392 of 100,000 â€” Youâ€™ve been tagged!

The $W bonus is active ğŸ’¸
You may be eligible to claim now:
Info ğŸ‘‰ https://t.co/uRtkFKoCP8

â€” Wormhole News

ğŸ«‚ @Melo_Aurory @SECRETOFCRIPTO @habStar162262 @YohanesWilliem @REDSKY1905 @35503429T",2025-05-28T04:21:44.000Z,1.927581028605899e+18,['1927581028605898985'],1.9194878997222523e+18,twitter,,,,,,
"ğŸ”¥ Post 79312 of 100,000 â€” Youâ€™ve been tagged!

The SOLV bonus is active ğŸ’¸
You may be eligible to claim now:
Info ğŸ‘‰ https://t.co/bvgppwozyN
â€” SOLV NEWS

ğŸ«‚ @Melo_Aurory @Adeekay888 @VeronikaAvva @Fan23230Fan @omidl4308 @Kimberly09330",2025-05-28T04:00:49.000Z,1.9275757640959593e+18,['1927575764095959180'],1.9195249106214584e+18,twitter,,,,,,
"We are excited to announce that you can qualify for a $SOL drop!

Claim here:https://t.co/yURltjSJ2s

@Melo_Aurory @fatcatsmeme @GraftinSzn @Alves18_ONSOL @Marc0sGP @cornel_aci @HasibHossa65435 @Roman_824 @MyronPPP @MaryohS TPJ85ku",2025-05-28T02:41:55.000Z,1.9275559069227994e+18,['1927555906922799459'],1.9265016419324027e+18,twitter,,,,,,
"A Seeker just bought a Rare ğ—ªğ—®ğ—¹ğ—½ğ˜‚ğ—³ğ—³ (ğ—Ÿğ—©ğ—Ÿ  ğŸ­)! ğŸ”¥

LFGame âš¡

Details: https://t.co/MqsxsI45FI

Start playing ğ—¦ğ—²ğ—²ğ—¸ğ—²ğ—¿ğ˜€ ğ—¼ğ—³ ğ—§ğ—¼ğ—¸ğ—®ğ—»ğ—² at https://t.co/0R9emrZMgA right now https://t.co/utWcxL5Jxk",2025-05-28T01:46:43.000Z,1.9275420149014449e+18,['1927542014901444754'],1.8211428283047567e+18,twitter,,,,,,
"A Seeker just bought a Rare ğ—•ğ—¶ğ˜ğ—²ğ—¯ğ—¶ğ˜ (ğ—Ÿğ—©ğ—Ÿ  ğŸ±)! ğŸ”¥

LFGame âš¡

Details: https://t.co/oAMBtLuywf

Start playing ğ—¦ğ—²ğ—²ğ—¸ğ—²ğ—¿ğ˜€ ğ—¼ğ—³ ğ—§ğ—¼ğ—¸ğ—®ğ—»ğ—² at https://t.co/0R9emrZMgA right now https://t.co/XB8TVHb9wh",2025-05-27T22:26:13.000Z,1.9274915605238461e+18,['1927491560523846089'],1.8211428283047567e+18,twitter,,,,,,
"A Seeker just bought a Rare ğ—¨ğ—»ğ—¶ğ—¸ğ—¶ğ—¿ğ—¶ğ—» (ğ—Ÿğ—©ğ—Ÿ  ğŸ­)! ğŸ”¥

Price: 50 $AURY  (6.55 $USD)

LFGame âš¡

Details: https://t.co/yAZOfhDpcE

Start playing ğ—¦ğ—²ğ—²ğ—¸ğ—²ğ—¿ğ˜€ ğ—¼ğ—³ ğ—§ğ—¼ğ—¸ğ—®ğ—»ğ—² at https://t.co/0R9emrZMgA right now https://t.co/9BsIWCFxev",2025-05-27T19:40:51.000Z,1.9274499420055552e+18,['1927449942005555206'],1.8211428283047567e+18,twitter,,,,,,
"ğŸ”¥ The BIGGĞ•ST #SĞNIC #DrĞ¾Ñ€ #ĞnnĞ¾uncĞµmĞµnt is here! ğŸš€ JĞ¾in the actiĞ¾n!

https://t.co/LVZnu1xgtB $SĞNIC

SLN8u2KB @Melo_Aurory @Zakareia312 @dii_hien71390 @EmmanuelWaira @UmarGarba190554 @alreadeathed1",2025-05-27T17:53:40.000Z,1.927422970286273e+18,['1927422970286273000'],266309961.0,twitter,,,,,,
"We are excited to announce that you can qualify for a $SOLV rewards!

Check your eligibility and claim here: https://t.co/Dbznp0gLNs

ğŸ«‚ Invited users: @ListenZhy @Melo_Aurory @DaBing98 @darryringeth @iamhamedgh 

Q6MKw #SOLV",2025-05-27T17:24:22.000Z,1.9274155948123712e+18,['1927415594812371215'],1.9195039033115075e+18,twitter,,,,,,
"A Seeker just bought a ğ—Ÿğ—˜ğ—šğ—˜ğ—¡ğ——ğ—”ğ—¥ğ—¬ ğ—­ğ˜‡ğ—¼ğ—¼ (ğ—Ÿğ—©ğ—Ÿ  ğŸ­)! ğŸ”¥

Price: 1300 $AURY  (170.43 $USD)

LFGame âš¡

Details: https://t.co/BH97ungAQN

Start playing ğ—¦ğ—²ğ—²ğ—¸ğ—²ğ—¿ğ˜€ ğ—¼ğ—³ ğ—§ğ—¼ğ—¸ğ—®ğ—»ğ—² at https://t.co/0R9emrZMgA right now https://t.co/aBA2lAyb2y",2025-05-27T16:40:06.000Z,1.927404456435491e+18,['1927404456435490963'],1.8211428283047567e+18,twitter,,,,,,
"A Seeker just bought a Rare ğ—ªğ—®ğ˜€ğ˜€ğ—¶ğ—² (ğ—Ÿğ—©ğ—Ÿ  ğŸ­)! ğŸ”¥

LFGame âš¡

Details: https://t.co/vfStAOCL0A

Start playing ğ—¦ğ—²ğ—²ğ—¸ğ—²ğ—¿ğ˜€ ğ—¼ğ—³ ğ—§ğ—¼ğ—¸ğ—®ğ—»ğ—² at https://t.co/0R9emrZMgA right now https://t.co/HOLUciwDSu",2025-05-27T16:19:59.000Z,1.9273993933736307e+18,['1927399393373630611'],1.8211428283047567e+18,twitter,,,,,,
"A Seeker just bought a Rare ğ—¦ğ—µğ—¶ğ—¯ğ—®ğ—¿ğ—¸ (ğ—Ÿğ—©ğ—Ÿ  ğŸ­)! ğŸ”¥

Price: 50 $AURY  (6.54 $USD)

LFGame âš¡

Details: https://t.co/q0as9mXflT

Start playing ğ—¦ğ—²ğ—²ğ—¸ğ—²ğ—¿ğ˜€ ğ—¼ğ—³ ğ—§ğ—¼ğ—¸ğ—®ğ—»ğ—² at https://t.co/0R9emrZMgA right now https://t.co/sQpjRe8JW1",2025-05-27T16:09:56.000Z,1.92739686318069e+18,['1927396863180689861'],1.8211428283047567e+18,twitter,,,,,,
"A Seeker just bought a Rare ğ——ğ—¶ğ—»ğ—¼ğ—¯ğ—¶ğ˜ (ğ—Ÿğ—©ğ—Ÿ  ğŸ­)! ğŸ”¥

LFGame âš¡

Details: https://t.co/kXRIbpzYJr

Start playing ğ—¦ğ—²ğ—²ğ—¸ğ—²ğ—¿ğ˜€ ğ—¼ğ—³ ğ—§ğ—¼ğ—¸ğ—®ğ—»ğ—² at https://t.co/0R9emrZMgA right now https://t.co/jIiMJfQfgc",2025-05-27T16:09:51.000Z,1.9273968448180142e+18,['1927396844818014329'],1.8211428283047567e+18,twitter,,,,,,
"A Seeker just bought a Rare ğ—¡ğ˜‚ğ—ºğ—¯ğ—²ğ—¿ ğŸµ (ğ—Ÿğ—©ğ—Ÿ  ğŸ­)! ğŸ”¥

LFGame âš¡

Details: https://t.co/hVXDztgiSQ

Start playing ğ—¦ğ—²ğ—²ğ—¸ğ—²ğ—¿ğ˜€ ğ—¼ğ—³ ğ—§ğ—¼ğ—¸ğ—®ğ—»ğ—² at https://t.co/0R9emrZMgA right now https://t.co/NYHjKKREBG",2025-05-27T16:04:49.000Z,1.927395575323931e+18,['1927395575323930920'],1.8211428283047567e+18,twitter,,,,,,
@ekzzxx @Monkey10_45 Only great talents in the Aurory community! ğŸŒŸ,2025-05-27T14:49:25.000Z,1.9273766018696768e+18,['1927376601869676720'],1.4617465083453153e+18,twitter,,,,,,
"@DaoryAurory @Monkey10_45 I neeed thiss 
Aurory collection",2025-05-27T13:36:55.000Z,1.927358357972697e+18,['1927358357972697109'],1.6105053450379264e+18,twitter,,,,,,
"We are excited to announce that you can qualify for a $SOLV rewards!

Check your eligibility and claim here: https://t.co/FtAoN98bif

ğŸ«‚ Invited users: @Nick57991410 @doku_para_m @TeraPorter13 @billalhafidz @Melo_Aurory 

Ux7NK #RZR",2025-05-27T13:13:37.000Z,1.9273524934673823e+18,['1927352493467382269'],1.9195153999826289e+18,twitter,,,,,,
@SHIH0THEWRLD good morning aurory,2025-05-27T10:15:39.000Z,1.9273077050031885e+18,['1927307705003188486'],1.5020592306305966e+18,twitter,,,,,,
@kev4evaa Meow! Paws up if you're marking your calendarâ€”just donâ€™t forget to leave room for chasing $TAILS and hunting rare Aurory NFTs.  #tokentails,2025-05-27T05:55:59.000Z,1.9272423575372106e+18,['1927242357537210720'],1.900139316606886e+18,twitter,,,,,,
"A Seeker just bought a Rare ğ—ªğ—®ğ—¹ğ—½ğ˜‚ğ—³ğ—³ (ğ—Ÿğ—©ğ—Ÿ  ğŸ­)! ğŸ”¥

LFGame âš¡

Details: https://t.co/MqsxsI45FI

Start playing ğ—¦ğ—²ğ—²ğ—¸ğ—²ğ—¿ğ˜€ ğ—¼ğ—³ ğ—§ğ—¼ğ—¸ğ—®ğ—»ğ—² at https://t.co/0R9emrZMgA right now https://t.co/Thc46KSZDC",2025-05-27T02:48:41.000Z,1.9271952247967421e+18,['1927195224796742027'],1.8211428283047567e+18,twitter,,,,,,
"A Seeker just bought a Rare ğ—¥ğ—®ğ—°ğ—°ğ—¼ğ—¶ğ—» (ğ—Ÿğ—©ğ—Ÿ  ğŸ­)! ğŸ”¥

LFGame âš¡

Details: https://t.co/guGCQWXlMs

Start playing ğ—¦ğ—²ğ—²ğ—¸ğ—²ğ—¿ğ˜€ ğ—¼ğ—³ ğ—§ğ—¼ğ—¸ğ—®ğ—»ğ—² at https://t.co/0R9emrZMgA right now https://t.co/69KDJq81zX",2025-05-27T02:48:39.000Z,1.9271952148353272e+18,['1927195214835327330'],1.8211428283047567e+18,twitter,,,,,,
"A Seeker just bought a Rare ğ—ªğ—®ğ—¹ğ—½ğ˜‚ğ—³ğ—³ (ğ—Ÿğ—©ğ—Ÿ  ğŸ­)! ğŸ”¥

LFGame âš¡

Details: https://t.co/MqsxsI45FI

Start playing ğ—¦ğ—²ğ—²ğ—¸ğ—²ğ—¿ğ˜€ ğ—¼ğ—³ ğ—§ğ—¼ğ—¸ğ—®ğ—»ğ—² at https://t.co/0R9emrZMgA right now https://t.co/HjlLd6gj30",2025-05-26T20:43:05.000Z,1.9271032180073065e+18,['1927103218007306465'],1.8211428283047567e+18,twitter,,,,,,
"A Seeker just bought a Rare ğ—–ğ—µğ—¼ğ—°ğ—¼ğ—ºğ—¶ğ—»ğ˜ (ğ—Ÿğ—©ğ—Ÿ  ğŸ­)! ğŸ”¥

LFGame âš¡

Details: https://t.co/tQnkAnxFK8

Start playing ğ—¦ğ—²ğ—²ğ—¸ğ—²ğ—¿ğ˜€ ğ—¼ğ—³ ğ—§ğ—¼ğ—¸ğ—®ğ—»ğ—² at https://t.co/0R9emrZMgA right now https://t.co/1vCazj2p7y",2025-05-26T20:43:02.000Z,1.9271032063135913e+18,['1927103206313591207'],1.8211428283047567e+18,twitter,,,,,,
"Hey Aurory, we're keeping your calendar on here, never miss a thing! https://t.co/s5PwRzSqSL",2025-05-26T17:54:55.000Z,1.927060894833328e+18,['1927060894833328237'],1.6082311954769183e+18,twitter,,,,,,
"A Seeker just bought a Rare ğ—›ğ—¼ğ—¹ğ—¹ğ—¼ğ˜„ğ—¼ğ—¼ (ğ—Ÿğ—©ğ—Ÿ  ğŸ­)! ğŸ”¥

Price: 110 $AURY  (13.61 $USD)

LFGame âš¡

Details: https://t.co/HYirLOY1sP

Start playing ğ—¦ğ—²ğ—²ğ—¸ğ—²ğ—¿ğ˜€ ğ—¼ğ—³ ğ—§ğ—¼ğ—¸ğ—®ğ—»ğ—² at https://t.co/0R9emrZMgA right now https://t.co/4QF0kPbGSs",2025-05-26T16:52:39.000Z,1.9270452256602117e+18,['1927045225660211683'],1.8211428283047567e+18,twitter,,,,,,
"A Seeker just bought a Rare ğ—šğ—µğ—¼ğ˜‚ğ—¹ğ—¶ğ—®ğ˜ğ—µ (ğ—Ÿğ—©ğ—Ÿ  ğŸ­)! ğŸ”¥

Price: 149 $AURY  (18.43 $USD)

LFGame âš¡

Details: https://t.co/FsuKzqy6tv

Start playing ğ—¦ğ—²ğ—²ğ—¸ğ—²ğ—¿ğ˜€ ğ—¼ğ—³ ğ—§ğ—¼ğ—¸ğ—®ğ—»ğ—² at https://t.co/0R9emrZMgA right now https://t.co/xwmF3GUTIp",2025-05-26T16:52:36.000Z,1.9270452148892756e+18,['1927045214889275546'],1.8211428283047567e+18,twitter,,,,,,
"A Seeker just bought a Rare ğ—§ğ—¼ğ—¸ğ—¼ğ—ºğ—® (ğ—Ÿğ—©ğ—Ÿ  ğŸ­)! ğŸ”¥

LFGame âš¡

Details: https://t.co/QvOaWeh5lH

Start playing ğ—¦ğ—²ğ—²ğ—¸ğ—²ğ—¿ğ˜€ ğ—¼ğ—³ ğ—§ğ—¼ğ—¸ğ—®ğ—»ğ—² at https://t.co/0R9emrZMgA right now https://t.co/qNwKQrwZxN",2025-05-26T16:27:25.000Z,1.927038875970507e+18,['1927038875970506896'],1.8211428283047567e+18,twitter,,,,,,
"A Seeker just bought a Rare ğ——ğ—¶ğ—»ğ—¼ğ—¯ğ—¶ğ˜ (ğ—Ÿğ—©ğ—Ÿ  ğŸ­)! ğŸ”¥

LFGame âš¡

Details: https://t.co/kXRIbpzYJr

Start playing ğ—¦ğ—²ğ—²ğ—¸ğ—²ğ—¿ğ˜€ ğ—¼ğ—³ ğ—§ğ—¼ğ—¸ğ—®ğ—»ğ—² at https://t.co/0R9emrZMgA right now https://t.co/xYcsUaQx4H",2025-05-26T16:12:21.000Z,1.927035083891868e+18,['1927035083891867908'],1.8211428283047567e+18,twitter,,,,,,
"A Seeker just bought a Rare ğ—”ğ˜…ğ—¼ğ—¯ğ˜‚ğ—¯ğ—¯ğ—¹ğ—² (ğ—Ÿğ—©ğ—Ÿ  ğŸ­)! ğŸ”¥

LFGame âš¡

Details: https://t.co/S8bDpR16QY

Start playing ğ—¦ğ—²ğ—²ğ—¸ğ—²ğ—¿ğ˜€ ğ—¼ğ—³ ğ—§ğ—¼ğ—¸ğ—®ğ—»ğ—² at https://t.co/0R9emrZMgA right now https://t.co/eqtPuGazVj",2025-05-26T16:07:18.000Z,1.9270338145318953e+18,['1927033814531895386'],1.8211428283047567e+18,twitter,,,,,,
"A Seeker just bought a Rare ğ—•ğ—¹ğ—¼ğ—°ğ—¸ ğ—–ğ—µğ—¼ğ˜† (ğ—Ÿğ—©ğ—Ÿ  ğŸ­)! ğŸ”¥

LFGame âš¡

Details: https://t.co/ZDOdZ2XLw0

Start playing ğ—¦ğ—²ğ—²ğ—¸ğ—²ğ—¿ğ˜€ ğ—¼ğ—³ ğ—§ğ—¼ğ—¸ğ—®ğ—»ğ—² at https://t.co/0R9emrZMgA right now https://t.co/PauowPxzR7",2025-05-26T16:07:16.000Z,1.9270338059167913e+18,['1927033805916791199'],1.8211428283047567e+18,twitter,,,,,,
"A Seeker just bought a Rare ğ—¡ğ˜‚ğ—ºğ—¯ğ—²ğ—¿ ğŸµ (ğ—Ÿğ—©ğ—Ÿ  ğŸ­)! ğŸ”¥

Price: 100 $AURY  (12.45 $USD)

LFGame âš¡

Details: https://t.co/hVXDztgiSQ

Start playing ğ—¦ğ—²ğ—²ğ—¸ğ—²ğ—¿ğ˜€ ğ—¼ğ—³ ğ—§ğ—¼ğ—¸ğ—®ğ—»ğ—² at https://t.co/0R9emrZMgA right now https://t.co/pfrw729Bso",2025-05-26T16:07:14.000Z,1.927033796446065e+18,['1927033796446064919'],1.8211428283047567e+18,twitter,,,,,,
"A Seeker just bought a Rare ğ—¦ğ—µğ—¶ğ—¯ğ—® ğ—œğ—´ğ—»ğ—¶ğ˜ğ—² (ğ—Ÿğ—©ğ—Ÿ  ğŸ­)! ğŸ”¥

LFGame âš¡

Details: https://t.co/B2LplVnH8X

Start playing ğ—¦ğ—²ğ—²ğ—¸ğ—²ğ—¿ğ˜€ ğ—¼ğ—³ ğ—§ğ—¼ğ—¸ğ—®ğ—»ğ—² at https://t.co/0R9emrZMgA right now https://t.co/SrDfxqBNpW",2025-05-26T16:02:11.000Z,1.927032524527559e+18,['1927032524527558898'],1.8211428283047567e+18,twitter,,,,,,
"We are excited to announce that you can qualify for a $SOLV rewards!

Check your eligibility and claim here: https://t.co/e0bG1T162W

ğŸ«‚ Invited users: @alexwang89 @E99XsGSimZ76509 @Melo_Aurory @Adam4rmy @SarahODwyer13 

VCwuz",2025-05-26T13:15:17.000Z,1.9269905245624814e+18,['1926990524562481335'],1.9194557997655409e+18,twitter,,,,,,
"A Seeker just bought a Rare ğ—–ğ—µğ—¼ğ—°ğ—¼ğ—ºğ—¶ğ—»ğ˜ (ğ—Ÿğ—©ğ—Ÿ  ğŸ­)! ğŸ”¥

LFGame âš¡

Details: https://t.co/tQnkAnxFK8

Start playing ğ—¦ğ—²ğ—²ğ—¸ğ—²ğ—¿ğ˜€ ğ—¼ğ—³ ğ—§ğ—¼ğ—¸ğ—®ğ—»ğ—² at https://t.co/0R9emrZMgA right now https://t.co/E2ujkA7KWt",2025-05-26T12:26:48.000Z,1.926978322614948e+18,['1926978322614948211'],1.8211428283047567e+18,twitter,,,,,,
@aurory_bit crypt,2025-05-26T12:15:54.000Z,1.9269755812177638e+18,['1926975581217763778'],1.9262063980035564e+18,twitter,,,,,,
"A Seeker just bought an Epic ğ—¨ğ—»ğ—¶ğ—¸ğ—¶ğ—¿ğ—¶ğ—» (ğ—Ÿğ—©ğ—Ÿ  ğŸ­)! ğŸ”¥

Price: 200 $AURY  (29.27 $USD)

LFGame âš¡

Details: https://t.co/yAZOfhDpcE

Start playing ğ—¦ğ—²ğ—²ğ—¸ğ—²ğ—¿ğ˜€ ğ—¼ğ—³ ğ—§ğ—¼ğ—¸ğ—®ğ—»ğ—² at https://t.co/0R9emrZMgA right now https://t.co/sk4YABCZdU",2025-05-25T23:00:28.000Z,1.9267754045823754e+18,['1926775404582375429'],1.8211428283047567e+18,twitter,,,,,,
"The team continues to ship. Their PSG1 will come with their own native game, PokÃ©mon styled game about the history of Solana + other collaborations (Aurory, etc)

The product is a MACHINE:
- Octa-Core ARM CPU
- 8GM RAM
- 128GB Flash Storage
- Hardware wallet
- Fingerprint",2025-05-25T20:46:04.000Z,1.9267415806160205e+18,['1926741580616020410'],1.4883512403083796e+18,twitter,,,,,,
"ğŸ”¥ The BIGGĞ•ST #Ğ¡ryÑ€tĞ¾ #Ğ UMĞ  #SignĞ°l is here! ğŸš€

JĞ¾in the actiĞ¾n! https://t.co/JwcYWO3KVD

 @slutterslayer @FelixMuthuri13 @MUNDLmechanics @aurory_whid @VINE4GOD @Opinion_libre1 @ann_skansen @AliceRibei8050 @AmyButler163065 @chenjunhong336  nukRba2DiLNh",2025-05-25T19:35:58.000Z,1.9267239389665078e+18,['1926723938966507865'],1.9174078501184512e+18,twitter,,,,,,
"A Seeker just bought an Epic ğ——ğ—¼ğ—±ğ—¼ğ—¿ğ—²ğ˜… (ğ—Ÿğ—©ğ—Ÿ  ğŸ­ğŸµ)! ğŸ”¥

Price: 600 $AURY  (87.79 $USD)

LFGame âš¡

Details: https://t.co/65Pt7W8Dm0

Start playing ğ—¦ğ—²ğ—²ğ—¸ğ—²ğ—¿ğ˜€ ğ—¼ğ—³ ğ—§ğ—¼ğ—¸ğ—®ğ—»ğ—² at https://t.co/0R9emrZMgA right now https://t.co/LBBPA26Npn",2025-05-25T17:24:43.000Z,1.926690910353478e+18,['1926690910353477999'],1.8211428283047567e+18,twitter,,,,,,
"A Seeker just bought an Epic ğ——ğ—¼ğ—±ğ—¼ğ—¿ğ—²ğ˜… (ğ—Ÿğ—©ğ—Ÿ  ğŸ­)! ğŸ”¥

Price: 500 $AURY  (73.16 $USD)

LFGame âš¡

Details: https://t.co/65Pt7W8Dm0

Start playing ğ—¦ğ—²ğ—²ğ—¸ğ—²ğ—¿ğ˜€ ğ—¼ğ—³ ğ—§ğ—¼ğ—¸ğ—®ğ—»ğ—² at https://t.co/0R9emrZMgA right now https://t.co/KmQ948aSQL",2025-05-25T17:24:38.000Z,1.9266908889078825e+18,['1926690888907882535'],1.8211428283047567e+18,twitter,,,,,,
"A Seeker just bought an Epic ğ—–ğ—µğ—¼ğ—°ğ—¼ğ—ºğ—¶ğ—»ğ˜ (ğ—Ÿğ—©ğ—Ÿ  ğŸ­)! ğŸ”¥

Price: 130 $AURY  (19.01 $USD)

LFGame âš¡

Details: https://t.co/tQnkAnxFK8

Start playing ğ—¦ğ—²ğ—²ğ—¸ğ—²ğ—¿ğ˜€ ğ—¼ğ—³ ğ—§ğ—¼ğ—¸ğ—®ğ—»ğ—² at https://t.co/0R9emrZMgA right now https://t.co/IMUpKqV4df",2025-05-25T17:04:32.000Z,1.9266858314454797e+18,['1926685831445479569'],1.8211428283047567e+18,twitter,,,,,,
"A Seeker just bought a Rare ğ——ğ—¶ğ—»ğ—¼ğ—¯ğ—¶ğ˜ (ğ—Ÿğ—©ğ—Ÿ  ğŸ­)! ğŸ”¥

LFGame âš¡

Details: https://t.co/kXRIbpzYJr

Start playing ğ—¦ğ—²ğ—²ğ—¸ğ—²ğ—¿ğ˜€ ğ—¼ğ—³ ğ—§ğ—¼ğ—¸ğ—®ğ—»ğ—² at https://t.co/0R9emrZMgA right now https://t.co/9LjYwlgass",2025-05-25T14:39:18.000Z,1.9266492788034068e+18,['1926649278803406871'],1.8211428283047567e+18,twitter,,,,,,
"6/8
ğŸ”¥ Top Web3 Games in 2025:

ğŸ® Pixels â€“ Cozy farming + NFT land
ğŸ‰ Illuvium â€“ AAA open-world + monster battles
ğŸ›¡ï¸ Aurory â€“ Tactical RPG on Solana
âš”ï¸ Big Time â€“ Co-op dungeon looting with NFT drops

Web3 games are finally FUN.",2025-05-25T13:14:05.000Z,1.9266278344344008e+18,['1926627834434400740'],1.914390621948629e+18,twitter,,,,,,
"@KozukiO16550474 @AuroryProject https://t.co/84w3lOtebx

You can play on Epic store on pc 

It's also on both Android and Apple app stores.",2025-05-25T11:48:06.000Z,1.9266061970014374e+18,['1926606197001437388'],1.8628722218630267e+18,twitter,,,,,,
"A Seeker just bought a Rare ğ—ªğ—®ğ˜€ğ˜€ğ—¶ğ—² (ğ—Ÿğ—©ğ—Ÿ  ğŸ­)! ğŸ”¥

LFGame âš¡

Details: https://t.co/vfStAOCL0A

Start playing ğ—¦ğ—²ğ—²ğ—¸ğ—²ğ—¿ğ˜€ ğ—¼ğ—³ ğ—§ğ—¼ğ—¸ğ—®ğ—»ğ—² at https://t.co/0R9emrZMgA right now https://t.co/J2HLhuc37U",2025-05-25T08:28:40.000Z,1.9265560058668974e+18,['1926556005866897478'],1.8211428283047567e+18,twitter,,,,,,
"A Seeker just bought a Rare ğ—¨ğ—»ğ—¶ğ—¸ğ—® (ğ—Ÿğ—©ğ—Ÿ  ğŸ­)! ğŸ”¥

LFGame âš¡

Details: https://t.co/iZlnK6SBQD

Start playing ğ—¦ğ—²ğ—²ğ—¸ğ—²ğ—¿ğ˜€ ğ—¼ğ—³ ğ—§ğ—¼ğ—¸ğ—®ğ—»ğ—² at https://t.co/0R9emrZMgA right now https://t.co/AH6bXjwNu3",2025-05-25T08:28:37.000Z,1.9265559959557245e+18,['1926555995955724518'],1.8211428283047567e+18,twitter,,,,,,
"A Seeker just bought a Rare ğ—§ğ—¼ğ—¸ğ—¼ğ—ºğ—® (ğ—Ÿğ—©ğ—Ÿ  ğŸ­)! ğŸ”¥

LFGame âš¡

Details: https://t.co/QvOaWeh5lH

Start playing ğ—¦ğ—²ğ—²ğ—¸ğ—²ğ—¿ğ˜€ ğ—¼ğ—³ ğ—§ğ—¼ğ—¸ğ—®ğ—»ğ—² at https://t.co/0R9emrZMgA right now https://t.co/TwSvmW5Y86",2025-05-25T04:43:16.000Z,1.9264992839156493e+18,['1926499283915649232'],1.8211428283047567e+18,twitter,,,,,,
"@chocoo_web3 @DaoryAurory @AuroryProject My man kicks ass IRL, in Aurory, and now even in a tavernğŸ«µğŸ",2025-05-25T00:02:31.000Z,1.9264286310157558e+18,['1926428631015755878'],1.488446727426351e+18,twitter,,,,,,
"A Seeker just bought a Rare ğ—–ğ—µğ—¼ğ—°ğ—¼ğ—ºğ—¶ğ—»ğ˜ (ğ—Ÿğ—©ğ—Ÿ  ğŸ­)! ğŸ”¥

LFGame âš¡

Details: https://t.co/tQnkAnxFK8

Start playing ğ—¦ğ—²ğ—²ğ—¸ğ—²ğ—¿ğ˜€ ğ—¼ğ—³ ğ—§ğ—¼ğ—¸ğ—®ğ—»ğ—² at https://t.co/0R9emrZMgA right now https://t.co/wjDycoIfE2",2025-05-24T19:52:30.000Z,1.926365713314304e+18,['1926365713314304022'],1.8211428283047567e+18,twitter,,,,,,
@stephyberry_ @AuroryProject I hope Aurory will not be the next project to close. Love it but I don't think their finances are looking good,2025-05-24T18:37:03.000Z,1.9263467240517473e+18,['1926346724051747266'],950528359.0,twitter,,,,,,
@chocoo_web3 @DaoryAurory @AuroryProject Aurory has something interesting that isn't fully exploited !,2025-05-24T17:45:24.000Z,1.9263337260671634e+18,['1926333726067163381'],1.2994386777776701e+18,twitter,,,,,,
"We are excited to announce that you can qualify for a $W rewards!

Check your eligibility and claim here: https://t.co/Y3VTPwYiG0

ğŸ«‚ Invited users: @Ariel1234515 @ZionBurns57314 @sjjwnmgyjdh @iHosam_x @Melo_Aurory 

AbS7y",2025-05-24T17:43:49.000Z,1.9263333266352212e+18,['1926333326635221328'],1.919483301179347e+18,twitter,,,,,,
"A Seeker just bought a Rare ğ—•ğ—¹ğ—¼ğ—¼ğ—ºğ˜ğ—®ğ—¶ğ—¹ (ğ—Ÿğ—©ğ—Ÿ  ğŸ­)! ğŸ”¥

LFGame âš¡

Details: https://t.co/qbg8D3hs1x

Start playing ğ—¦ğ—²ğ—²ğ—¸ğ—²ğ—¿ğ˜€ ğ—¼ğ—³ ğ—§ğ—¼ğ—¸ğ—®ğ—»ğ—² at https://t.co/0R9emrZMgA right now https://t.co/tcWwgtqn83",2025-05-24T16:17:10.000Z,1.9263115230995297e+18,['1926311523099529726'],1.8211428283047567e+18,twitter,,,,,,
"A Seeker just bought a Rare ğ—•ğ—¶ğ˜ğ—²ğ—¯ğ—¶ğ˜ (ğ—Ÿğ—©ğ—Ÿ  ğŸ­)! ğŸ”¥

LFGame âš¡

Details: https://t.co/oAMBtLuywf

Start playing ğ—¦ğ—²ğ—²ğ—¸ğ—²ğ—¿ğ˜€ ğ—¼ğ—³ ğ—§ğ—¼ğ—¸ğ—®ğ—»ğ—² at https://t.co/0R9emrZMgA right now https://t.co/rtyp2wh5K1",2025-05-24T16:17:07.000Z,1.926311509866566e+18,['1926311509866565938'],1.8211428283047567e+18,twitter,,,,,,
"A Seeker just bought a Rare ğ—”ğ˜…ğ—¼ğ—¯ğ˜‚ğ—¯ğ—¯ğ—¹ğ—² (ğ—Ÿğ—©ğ—Ÿ  ğŸ­)! ğŸ”¥

LFGame âš¡

Details: https://t.co/S8bDpR16QY

Start playing ğ—¦ğ—²ğ—²ğ—¸ğ—²ğ—¿ğ˜€ ğ—¼ğ—³ ğ—§ğ—¼ğ—¸ğ—®ğ—»ğ—² at https://t.co/0R9emrZMgA right now https://t.co/AxGGHMvdke",2025-05-24T16:12:04.000Z,1.926310237553697e+18,['1926310237553696960'],1.8211428283047567e+18,twitter,,,,,,
"3DOS, Litas, Openledger, Sandwatch

Testnets(12):
Monad, Plaza Finance, GoKiteAI, Malda, Aurory AI, Rise, Irys, Prior, Citrea, R2 Money, Pharos, Somnia

Others(24):
Sapien, Magic Newton, Assisterr, SoSo, Klok, PoD, Coresky, Beamable, OneFootball, Camp Network, Blockscout,",2025-05-24T14:01:41.000Z,1.926277426310517e+18,['1926277426310516977'],1.8646179873215488e+18,twitter,,,,,,
"A Seeker just bought a Rare ğ—–ğ—µğ—¼ğ—°ğ—¼ğ—ºğ—¶ğ—»ğ˜ (ğ—Ÿğ—©ğ—Ÿ  ğŸ²)! ğŸ”¥

Price: 55 $AURY  (8.09 $USD)

LFGame âš¡

Details: https://t.co/tQnkAnxFK8

Start playing ğ—¦ğ—²ğ—²ğ—¸ğ—²ğ—¿ğ˜€ ğ—¼ğ—³ ğ—§ğ—¼ğ—¸ğ—®ğ—»ğ—² at https://t.co/0R9emrZMgA right now https://t.co/exrpRFq1SF",2025-05-24T10:41:31.000Z,1.926227050299261e+18,['1926227050299260946'],1.8211428283047567e+18,twitter,,,,,,
"A Seeker just bought an Epic ğ—–ğ˜†ğ—¯ğ—²ğ—¿ğ˜ğ—¼ğ—¼ğ˜ğ—µ (ğ—Ÿğ—©ğ—Ÿ  ğŸ­)! ğŸ”¥

Price: 190 $AURY  (28.02 $USD)

LFGame âš¡

Details: https://t.co/iCtTJSiqvR

Start playing ğ—¦ğ—²ğ—²ğ—¸ğ—²ğ—¿ğ˜€ ğ—¼ğ—³ ğ—§ğ—¼ğ—¸ğ—®ğ—»ğ—² at https://t.co/0R9emrZMgA right now https://t.co/v17yjovlTr",2025-05-24T03:35:43.000Z,1.9261198948876498e+18,['1926119894887649702'],1.8211428283047567e+18,twitter,,,,,,
"A Seeker just bought an Epic ğ—¦ğ—µğ—¶ğ—¯ğ—®ğ—¿ğ—¸ (ğ—Ÿğ—©ğ—Ÿ  ğŸ­)! ğŸ”¥

Price: 290 $AURY  (42.82 $USD)

LFGame âš¡

Details: https://t.co/q0as9mXflT

Start playing ğ—¦ğ—²ğ—²ğ—¸ğ—²ğ—¿ğ˜€ ğ—¼ğ—³ ğ—§ğ—¼ğ—¸ğ—®ğ—»ğ—² at https://t.co/0R9emrZMgA right now https://t.co/sGr5jZkQ2R",2025-05-23T22:24:49.000Z,1.926041657557865e+18,['1926041657557864943'],1.8211428283047567e+18,twitter,,,,,,
"A Seeker just bought a Rare ğ—•ğ—¶ğ˜ğ—²ğ—¯ğ—¶ğ˜ (ğ—Ÿğ—©ğ—Ÿ  ğŸ­)! ğŸ”¥

LFGame âš¡

Details: https://t.co/oAMBtLuywf

Start playing ğ—¦ğ—²ğ—²ğ—¸ğ—²ğ—¿ğ˜€ ğ—¼ğ—³ ğ—§ğ—¼ğ—¸ğ—®ğ—»ğ—² at https://t.co/0R9emrZMgA right now https://t.co/8TPY99JTTb",2025-05-23T18:24:25.000Z,1.925981156555559e+18,['1925981156555559010'],1.8211428283047567e+18,twitter,,,,,,
"A Seeker just bought a Rare ğ—ªğ—®ğ˜€ğ˜€ğ—¶ğ—² (ğ—Ÿğ—©ğ—Ÿ  ğŸ­)! ğŸ”¥

LFGame âš¡

Details: https://t.co/vfStAOCL0A

Start playing ğ—¦ğ—²ğ—²ğ—¸ğ—²ğ—¿ğ˜€ ğ—¼ğ—³ ğ—§ğ—¼ğ—¸ğ—®ğ—»ğ—² at https://t.co/0R9emrZMgA right now https://t.co/XTtTMf4rvQ",2025-05-23T18:19:22.000Z,1.9259798867467717e+18,['1925979886746771744'],1.8211428283047567e+18,twitter,,,,,,
"@MDCryptoSniper @playsolana @0xjaynfts Looks good, aurory is a great game too",2025-05-23T15:36:57.000Z,1.9259390139253517e+18,['1925939013925351660'],3293970988.0,twitter,,,,,,
"A Seeker just bought a Rare ğ——ğ—¶ğ—½ğ—¸ğ—¶ğ—»ğ—´ (ğ—Ÿğ—©ğ—Ÿ  ğŸ²)! ğŸ”¥

Price: 60 $AURY  (8.86 $USD)

LFGame âš¡

Details: https://t.co/JbmwfvMekR

Start playing ğ—¦ğ—²ğ—²ğ—¸ğ—²ğ—¿ğ˜€ ğ—¼ğ—³ ğ—§ğ—¼ğ—¸ğ—®ğ—»ğ—² at https://t.co/0R9emrZMgA right now https://t.co/b1MXOs6eq9",2025-05-23T13:18:45.000Z,1.925904234165236e+18,['1925904234165235978'],1.8211428283047567e+18,twitter,,,,,,
"A Seeker just bought a Rare ğ—¨ğ—»ğ—¶ğ—¸ğ—® (ğ—Ÿğ—©ğ—Ÿ  ğŸ²)! ğŸ”¥

Price: 60 $AURY  (8.86 $USD)

LFGame âš¡

Details: https://t.co/iZlnK6SBQD

Start playing ğ—¦ğ—²ğ—²ğ—¸ğ—²ğ—¿ğ˜€ ğ—¼ğ—³ ğ—§ğ—¼ğ—¸ğ—®ğ—»ğ—² at https://t.co/0R9emrZMgA right now https://t.co/DxhHh7XB88",2025-05-23T13:18:42.000Z,1.925904219875246e+18,['1925904219875246192'],1.8211428283047567e+18,twitter,,,,,,
,,,,,aurory_news,"May 13, 2025 Loyalty-Based Expeditions are here! A new version of Expeditions is live! Read more",Date extraction needed,Content extraction needed,Image extraction needed,https://aurory.io/news/loyalty-expeditions,2025-05-30 12:41:10
,,,,,aurory_news,"May 07, 2025 How Blessings Will Impact Seekers' Journeys Find out how the Blessings will impact your experience! READ MORE",Date extraction needed,Content extraction needed,Image extraction needed,https://aurory.io/news/blessings-impact,2025-05-30 12:41:10
,,,,,aurory_news,"Apr 22, 2025 Introducing Dodorex - The Clumsy Neftie! A new Neftie has entered Tokane, introducing Dodorex! READ MORE",Date extraction needed,Content extraction needed,Image extraction needed,https://aurory.io/news/dodorex,2025-05-30 12:41:10
,,,,,aurory_news,"Apr 15, 2025 Patch 0.13.31 is now live! Big update introducing new long awaited features! READ MORE",Date extraction needed,Content extraction needed,Image extraction needed,https://aurory.io/news/patch-v01331,2025-05-30 12:41:10
,,,,,aurory_news,"Apr 15, 2025 Easter Update New big patch for our Easter Event! READ MORE",Date extraction needed,Content extraction needed,Image extraction needed,https://aurory.io/news/easter-patch,2025-05-30 12:41:10
,,,,,aurory_news,"Apr 09, 2025 Challenges Are Coming Ã¢Â€Â“ A New Way to Play! Introducing Challenges, a new way to play! READ MORE",Date extraction needed,Content extraction needed,Image extraction needed,https://aurory.io/news/challenges,2025-05-30 12:41:10
,,,,,aurory_news,"Apr 02, 2025 A World of Choice & Challenge: Introducing Blessings Introducing the upcoming Blessings feature. READ MORE",Date extraction needed,Content extraction needed,Image extraction needed,https://aurory.io/news/god-blessings,2025-05-30 12:41:10
,,,,,aurory_news,"Mar 25, 2025 Community Update #1: World Map We dive into the Worldmap, and how it will play a crucial role in your Seeker journey! READ MORE",Date extraction needed,Content extraction needed,Image extraction needed,https://aurory.io/news/worldmap,2025-05-30 12:41:10
,,,,,aurory_news,"Mar 19, 2025 Introducing Leaderboard Rewards Introducing ranked PvP rewards! READ MORE",Date extraction needed,Content extraction needed,Image extraction needed,https://aurory.io/news/leaderboard-rewards,2025-05-30 12:41:10
,,,,,aurory_news,"Feb 27, 2025 Aurory is heading to GDC Johnny, our Executive Producer, will be talking about his jump from traditional games to web3 on an exclusive Solana hosted panel! READ MORE",Date extraction needed,Content extraction needed,Image extraction needed,https://aurory.io/news/aurory-gdc-2025,2025-05-30 12:41:10
,,,,,aurory_news,Loyalty-Based Expeditions,Pattern match - Date TBD,Found pattern: Loyalty-Based Expeditions,Pattern match - No image,https://aurory.io/news/,2025-05-30 12:41:10
,,,,,aurory_news,Blessings Will Impact,Pattern match - Date TBD,Found pattern: Blessings Will Impact,Pattern match - No image,https://aurory.io/news/,2025-05-30 12:41:10
,,,,,aurory_news,Dodorex,Pattern match - Date TBD,Found pattern: Dodorex,Pattern match - No image,https://aurory.io/news/,2025-05-30 12:41:10
,,,,,aurory_news,Easter Event,Pattern match - Date TBD,Found pattern: Easter Event,Pattern match - No image,https://aurory.io/news/,2025-05-30 12:41:10
,,,,,aurory_news,Challenges,Pattern match - Date TBD,Found pattern: Challenges,Pattern match - No image,https://aurory.io/news/,2025-05-30 12:41:10
,,,,,aurory_news,Worldmap,Pattern match - Date TBD,Found pattern: Worldmap,Pattern match - No image,https://aurory.io/news/,2025-05-30 12:41:10
,,,,,aurory_news,PvP rewards,Pattern match - Date TBD,Found pattern: PvP rewards,Pattern match - No image,https://aurory.io/news/,2025-05-30 12:41:10
,,,,,aurory_news,Red Packet Pursuit,Pattern match - Date TBD,Found pattern: Red Packet Pursuit,Pattern match - No image,https://aurory.io/news/,2025-05-30 12:41:10
,,,,,aurory_news,Chest Eggs,Pattern match - Date TBD,Found pattern: Chest Eggs,Pattern match - No image,https://aurory.io/news/,2025-05-30 12:41:10
,,,,,aurory_news,Halloween Event,Pattern match - Date TBD,Found pattern: Halloween Event,Pattern match - No image,https://aurory.io/news/,2025-05-30 12:41:10
,,,,,aurory_news,Chroma system,Pattern match - Date TBD,Found pattern: Chroma system,Pattern match - No image,https://aurory.io/news/,2025-05-30 12:41:10
,,,,,aurory_news,Neftie Skins,Pattern match - Date TBD,Found pattern: Neftie Skins,Pattern match - No image,https://aurory.io/news/,2025-05-30 12:41:10
,,,,,aurory_news,Collection Score,Pattern match - Date TBD,Found pattern: Collection Score,Pattern match - No image,https://aurory.io/news/,2025-05-30 12:41:10
